{"stats":{"minecraft:killed_by":{"minecraft:zombie":2},"minecraft:mined":{"minecraft:grass":21,"minecraft:rose_bush":8},"minecraft:picked_up":{"minecraft:wheat_seeds":3,"minecraft:rose_bush":5},"minecraft:custom":{"minecraft:time_since_rest":12081,"minecraft:crouch_one_cm":181,"minecraft:sprint_one_cm":36501,"minecraft:play_time":41426,"minecraft:deaths":2,"minecraft:damage_taken":505,"minecraft:walk_one_cm":25055,"minecraft:sneak_time":120,"minecraft:mob_kills":1,"minecraft:jump":264,"minecraft:damage_dealt":192,"minecraft:leave_game":3,"minecraft:walk_on_water_one_cm":475,"minecraft:time_since_death":12044,"minecraft:total_world_time":41426,"minecraft:talked_to_villager":1,"minecraft:fall_one_cm":7205,"minecraft:fly_one_cm":69284,"minecraft:horse_one_cm":1719},"minecraft:killed":{"minecraft:zombie":1}},"DataVersion":3120}